Query,Response,,
My father passed away. How do I notify the bank?,"I'm truly sorry for your loss. You can notify us online, by phone, or by visiting a branch. Let me guide you through the steps.",,
What documents do I need to submit after someone's death?,"I'm here to help. Typically, you'll need the death certificate, ID of the notifier, and proof of your relationship. Some accounts may also need a probate letter.",,
Can I close my mother’s account now that she’s passed?,"I’m sorry for your loss. Yes, the account can be closed once the necessary documents are submitted. I can assist you with the next steps.",,
How long does the process take?,"Generally, it takes 2–4 weeks, depending on the type of account and if probate is involved. We’ll keep you updated throughout.",,
What if the account was joint?,"In most cases, a joint account continues in the name of the surviving holder. We’ll update the records accordingly.",,
I don’t have the death certificate yet. Can I still notify you?,"Yes, you can notify us now, and submit the death certificate later. This helps us freeze the account to protect it.",,
I found a will. What should I do with it?,"Thank you for letting us know. Please share a copy of the will with us, along with executor details, to verify authority.",,
Do I need probate for small savings accounts?,"Not always. For balances below a certain threshold (e.g., £10,000), some banks waive probate. I can check for you.",,
How do I claim life insurance linked to the account?,I'm so sorry you're having to go through this. I can help you file a claim. You'll need a death certificate and policy details.,,
The deceased had a mortgage. What happens now?,Let me walk you through it. The mortgage does not disappear; it may be paid from the estate or transferred to a co-owner.,,
My spouse passed. Can I access their pension?,I’m sorry for your loss. Pensions may be transferable to a spouse or dependents. Let’s check the eligibility and next steps.,,
I’m not sure where to begin.,It's okay. You’re not alone. Let me ask you a few questions to understand your situation and guide you step-by-step.,,
I feel like I’m getting lost in paperwork.,I understand it’s a difficult time. You're doing your best. Let’s break this down into simple steps together.,,
Can someone else do this on my behalf?,"Yes, with proper authorization (like a power of attorney or executor ID), someone else can assist. Let me show you how.",,
What happens to the credit card debt after death?,"The debt is handled by the estate. If there's no co-signer, it won’t pass to family members. I can help you check specifics.",,
Do I need to visit a branch to report a death?,"No, you can report a death online, by phone, or in person. I can help you find the most convenient way.",,
The account had direct debits. What happens to them?,"Once the account is frozen, all direct debits will stop. Let me help you inform service providers to avoid disruptions.",,
I’m the nominee on the account. What are my rights?,"As a nominee, you can initiate the claim process. You’ll need ID and the death certificate. Let me assist you.",,
What if there’s no will?,"If there's no will, the estate will be handled under intestacy laws. I’ll guide you on how to proceed.",,
Can you help me track all the accounts of the deceased?,"Yes, we can initiate a full account search using their name, address, and ID. It’s a common request.",,
Can I stop interest from accruing on loans?,We can freeze the loan and interest upon receiving death documents. I’ll show you how to start that process.,,
There was an overdraft. Do I need to pay it?,"Overdrafts are usually paid from the estate. If you're not a joint holder, you're not personally liable.",,
Will the bank send me updates?,"Yes, you can choose email, SMS, or post for updates. I can help you set that preference now.",,
Can I cancel the deceased’s debit card?,"Yes, we cancel all active cards once the death is reported. Do you have the card number or account info?",,
What if there’s money in a fixed deposit?,We can close the fixed deposit early with no penalty in a bereavement case. Let’s start that for you.,,
I’m just trying to follow their wishes.,You're doing a kind and respectful thing. Let’s work together to honor their banking arrangements.,,
How do I transfer funds to beneficiaries?,"Once documentation is approved, we help transfer funds to verified heirs or nominees. Let’s begin.",,
They had online banking. What happens to it?,Online access is disabled after death to prevent misuse. We can help if you need statements or transaction records.,,
Do you have a checklist for what I should do?,"Yes, we have a step-by-step checklist to guide you. I can send it to your email or show it here.",,
It’s been emotionally exhausting.,"I understand this is a difficult time. If you need someone to talk to, we can also share support helplines.",,
"My sibling passed away, but I’m not the executor. What can I do?","""I’m sorry for your loss. Without executor status, your access may be limited. Let me explain how to connect with the legal executor or next of kin.""",,
Can I keep the deceased’s account open to receive payments?,"""We understand. You may request a temporary hold to receive pending deposits (e.g., pensions), but the account will eventually need closure.""",,
What if the death certificate is from another country?,"""We accept foreign death certificates but may require translation or apostille. Let me guide you through the process.""",,
How do I handle recurring payments from the deceased’s account?,"""We’ll stop automatic payments once the account is frozen. You may need to notify payees separately—I can help with templates.""",,
The deceased had a safe deposit box. How do I access it?,"""You’ll need proof of executor status or court order. Let’s review the steps to schedule a supervised inventory.""",,
Can I use the deceased’s funds to pay for funeral costs?,"""In some cases, yes—if you’re the executor or next of kin. We can release funds with an invoice and death certificate.""",,
What if I disagree with how the estate is being handled?,"""I’m sorry you’re facing this. You may need legal advice. Meanwhile, I can share the bank’s dispute resolution process.""",,
The deceased had investments. What happens to them?,"""Investments are part of the estate. We’ll help freeze or transfer them once documents are submitted.""",,
Can I get a copy of old bank statements?,"""Yes, we can provide past statements for estate purposes. Let me verify your authority to request them.""",,
I’m the sole heir. Why is this so complicated?,"""I hear your frustration. Even as the sole heir, banks must follow legal steps to protect the estate. Let’s simplify this.""",,
What if the deceased owed taxes?,"""Tax debts are settled by the estate. You’re not personally liable unless you co-signed. Let’s connect you to tax advisors.""",,
Can I set up a memorial fund with their account?,"""That’s a thoughtful idea. We can help transfer remaining funds to a memorial account or charity of your choice.""",,
How do I notify credit agencies about the death?,"""We can report it to credit bureaus on your behalf to prevent identity issues. Let me start that process.""",,
The deceased was divorced. Does the ex-spouse have any rights?,"""Unless specified in a will or court order, ex-spouses typically have no claim. Let’s verify the account details.""",,
I’m abroad. Can I handle this remotely?,"""Yes, most steps can be done online or by mail. I’ll guide you through international document requirements.""",,
What if the deceased had unpaid loans?,"""Loans are settled by the estate. If assets don’t cover it, the debt may be written off. Let’s review the details.""",,
Can I keep the deceased’s credit card for emergencies?,"""No, cards must be cancelled to prevent fraud. But I can help you explore emergency options in your name.""",,
How do I handle their business accounts?,"""Business accounts require additional steps, like proof of authority to act. Let’s connect you to our business team.""",,
The deceased had a trust. What now?,"""Trusts bypass probate. Share the trust documents, and we’ll follow the trustee’s instructions.""",,
I’m too overwhelmed to continue today.,"""It’s okay to take a break. Your progress is saved. Reach out whenever you’re ready to continue.""",,
